"Year of diagnosis","Age recode with single ages and 85+","Crude Rate","Count","Population"
0,0,0.0,5,20157951
0,1,0.0,0,20099288
0,2,0.0,1,20107974
0,3,0.0,0,20152368
0,4,0.0,0,20221985
0,5,0.0,1,20246001
0,6,0.0,1,20212705
0,7,0.0,0,20302384
0,8,0.0,1,20357822
0,9,0.0,1,20487888
0,10,0.0,1,20890154
0,11,0.0,2,20912458
0,12,0.0,5,21016066
0,13,0.0,6,21021420
0,14,0.0,8,20969066
0,15,0.1,13,21059136
0,16,0.1,15,21123035
0,17,0.1,27,21137752
0,18,0.3,55,21177894
0,19,0.4,84,21064550
0,20,0.5,107,21130583
0,21,0.9,189,21216006
0,22,1.4,293,21309320
0,23,2.2,467,21525984
0,24,3.1,662,21669510
0,25,5.0,1093,21850149
0,26,6.2,1343,21790315
0,27,9.1,1976,21816940
0,28,11.8,2576,21764701
0,29,14.6,3158,21634096
0,30,18.8,4092,21743601
0,31,23.1,4980,21536302
0,32,28.0,6038,21577438
0,33,33.0,7096,21488893
0,34,38.9,8362,21471291
0,35,46.3,9970,21551095
0,36,53.4,11516,21577463
0,37,61.3,13248,21605368
0,38,69.8,15122,21650098
0,39,81.6,17709,21695507
0,40,106.7,23193,21744820
0,41,110.4,24035,21765581
0,42,122.6,26740,21806968
0,43,134.8,29499,21885859
0,44,151.0,33009,21855513
0,45,167.5,36662,21881465
0,46,179.9,39355,21871452
0,47,192.8,42164,21870208
0,48,206.1,44856,21765921
0,49,214.6,46474,21656572
0,50,224.8,48172,21432476
0,51,224.7,47736,21246427
0,52,229.3,48195,21014804
0,53,233.9,48844,20881871
0,54,242.2,49815,20564746
0,55,247.8,49866,20124172
0,56,262.7,51723,19685619
0,57,276.6,53094,19195725
0,58,288.2,53757,18651710
0,59,303.3,54743,18046653
0,60,319.7,55526,17367533
0,61,332.0,55708,16780330
0,62,345.0,55740,16155394
0,63,358.8,55531,15476255
0,64,363.3,53838,14817407
0,65,411.5,58578,14234039
0,66,404.1,54890,13584293
0,67,411.8,53449,12978251
0,68,421.6,52380,12424959
0,69,426.2,50682,11892935
0,70,431.7,49079,11367665
0,71,436.8,47570,10889947
0,72,446.9,46475,10398403
0,73,453.0,44967,9927169
0,74,453.7,42658,9403134
0,75,450.0,40597,9021730
0,76,450.5,39154,8691845
0,77,446.7,37106,8307218
0,78,446.2,35300,7910608
0,79,447.9,33824,7551102
0,80,429.8,30824,7171902
0,81,427.3,29050,6798926
0,82,423.3,27068,6395248
0,83,414.7,24800,5979679
0,84,403.4,22384,5548555
0,85,~,0,0
0,86,~,0,0
1,0,0.1,1,940028
1,1,0.0,0,923114
1,2,0.0,0,925002
1,3,0.0,0,933640
1,4,0.0,0,953581
1,5,0.0,0,967937
1,6,0.0,0,974129
1,7,0.0,0,989797
1,8,0.0,0,1006061
1,9,0.0,0,1016251
1,10,0.0,0,1029984
1,11,0.1,1,988856
1,12,0.0,0,969297
1,13,0.0,0,953884
1,14,0.1,1,952104
1,15,0.0,0,953223
1,16,0.0,0,932428
1,17,0.3,3,944683
1,18,0.2,2,947641
1,19,0.1,1,957749
1,20,0.7,7,959480
1,21,0.8,7,912016
1,22,1.0,9,895829
1,23,1.8,16,903018
1,24,2.6,23,890899
1,25,4.1,38,921766
1,26,6.2,56,899720
1,27,7.8,72,927025
1,28,9.8,95,971434
1,29,13.1,136,1034429
1,30,14.6,155,1062911
1,31,21.3,214,1004316
1,32,24.6,244,991068
1,33,32.7,324,991418
1,34,35.5,362,1019350
1,35,42.2,460,1088881
1,36,51.5,569,1104473
1,37,59.2,653,1102319
1,38,72.8,803,1102616
1,39,80.0,891,1113921
1,40,98.4,1117,1135282
1,41,103.1,1118,1084496
1,42,120.1,1300,1082250
1,43,129.8,1392,1072101
1,44,150.3,1554,1034044
1,45,167.4,1737,1037536
1,46,185.6,1840,991475
1,47,195.0,1880,963974
1,48,210.5,1954,928181
1,49,219.3,2004,913778
1,50,214.7,1965,915400
1,51,243.0,2130,876582
1,52,256.7,2230,868644
1,53,264.5,2396,905888
1,54,288.8,2004,693823
1,55,291.0,2001,687682
1,56,308.2,2073,672679
1,57,320.4,2213,690709
1,58,362.6,2216,611160
1,59,346.6,1975,569757
1,60,365.4,2042,558841
1,61,363.6,1918,527571
1,62,374.9,1949,519849
1,63,369.1,1811,490641
1,64,404.9,1954,482578
1,65,417.5,2034,487159
1,66,428.8,1929,449890
1,67,409.1,1845,450962
1,68,438.1,1966,448759
1,69,438.9,1969,448581
1,70,426.4,1971,462237
1,71,451.3,1969,436275
1,72,448.0,1959,437282
1,73,459.0,1982,431808
1,74,471.4,1992,422603
1,75,461.7,1956,423677
1,76,468.5,1897,404868
1,77,483.0,1853,383616
1,78,482.3,1795,372213
1,79,485.0,1717,354050
1,80,439.2,1468,334255
1,81,457.5,1328,290267
1,82,447.8,1242,277343
1,83,442.3,1099,248489
1,84,459.1,1053,229348
1,85,~,0,0
1,86,~,0,0
2,0,0.0,0,984264
2,1,0.0,0,937564
2,2,0.0,0,920946
2,3,0.0,0,923156
2,4,0.0,0,932535
2,5,0.0,0,952457
2,6,0.1,1,965411
2,7,0.0,0,973164
2,8,0.0,0,988660
2,9,0.0,0,1007547
2,10,0.0,0,1024584
2,11,0.0,0,1035016
2,12,0.1,1,995566
2,13,0.0,0,975533
2,14,0.1,1,958895
2,15,0.2,2,959989
2,16,0.0,0,962167
2,17,0.3,3,942004
2,18,0.3,3,950274
2,19,0.5,5,948603
2,20,0.2,2,972069
2,21,0.8,8,976275
2,22,1.3,12,931285
2,23,2.2,20,915387
2,24,2.1,19,919078
2,25,4.1,37,908825
2,26,5.4,50,933288
2,27,5.7,52,910858
2,28,10.7,100,935797
2,29,13.3,130,975905
2,30,18.1,189,1041592
2,31,24.6,262,1065106
2,32,28.4,287,1009912
2,33,33.3,331,995057
2,34,36.1,359,995280
2,35,46.4,475,1023129
2,36,51.7,564,1091610
2,37,64.8,717,1105676
2,38,69.0,762,1103616
2,39,81.0,894,1103489
2,40,100.2,1116,1113951
2,41,102.3,1162,1135984
2,42,118.9,1289,1083940
2,43,128.6,1392,1082040
2,44,147.4,1579,1070885
2,45,164.2,1694,1031971
2,46,170.8,1769,1036010
2,47,191.8,1900,990401
2,48,205.6,1978,962146
2,49,214.6,1988,926418
2,50,233.7,2129,910808
2,51,231.1,2112,913845
2,52,239.9,2095,873326
2,53,269.2,2330,865430
2,54,264.8,2393,903594
2,55,297.9,2057,690394
2,56,309.2,2117,684656
2,57,334.8,2238,668495
2,58,333.1,2288,686898
2,59,354.7,2152,606641
2,60,361.7,2042,564508
2,61,360.3,1999,554744
2,62,391.7,2048,522871
2,63,384.0,1976,514598
2,64,387.5,1881,485384
2,65,423.5,2023,477718
2,66,403.4,1944,481913
2,67,425.0,1888,444194
2,68,422.7,1880,444713
2,69,417.9,1847,441977
2,70,430.2,1895,440500
2,71,442.0,2008,454306
2,72,454.1,1943,427869
2,73,459.8,1966,427592
2,74,453.3,1908,420947
2,75,479.5,1967,410207
2,76,453.4,1864,411149
2,77,478.4,1872,391322
2,78,475.0,1755,369453
2,79,479.4,1711,356916
2,80,447.5,1511,337633
2,81,447.1,1421,317797
2,82,457.7,1252,273544
2,83,448.3,1164,259674
2,84,437.7,1009,230507
2,85,~,0,0
2,86,~,0,0
3,0,0.0,0,971098
3,1,0.0,0,978883
3,2,0.0,0,934683
3,3,0.0,0,919299
3,4,0.0,0,922186
3,5,0.0,0,931213
3,6,0.0,0,949302
3,7,0.0,0,965955
3,8,0.0,0,972367
3,9,0.0,0,990730
3,10,0.0,0,1021497
3,11,0.0,0,1027771
3,12,0.1,1,1041981
3,13,0.0,0,1001044
3,14,0.0,0,978782
3,15,0.0,0,967324
3,16,0.2,2,968716
3,17,0.3,3,970198
3,18,0.4,4,947132
3,19,0.2,2,950857
3,20,0.4,4,960073
3,21,1.3,13,986476
3,22,0.9,9,992968
3,23,2.0,19,948884
3,24,2.9,27,929313
3,25,4.8,45,935825
3,26,5.2,48,916211
3,27,8.9,84,943668
3,28,10.2,94,917380
3,29,13.3,125,936941
3,30,16.5,162,983812
3,31,21.1,219,1040165
3,32,24.3,261,1072708
3,33,34.1,345,1012121
3,34,35.7,356,998114
3,35,44.9,449,999092
3,36,52.7,540,1024663
3,37,56.0,611,1091971
3,38,65.6,726,1106787
3,39,80.1,884,1103866
3,40,103.8,1145,1102595
3,41,105.6,1176,1113978
3,42,107.4,1219,1134798
3,43,126.6,1372,1083457
3,44,145.6,1571,1078772
3,45,166.8,1782,1068304
3,46,175.7,1811,1030690
3,47,181.8,1881,1034841
3,48,198.4,1959,987620
3,49,211.0,2027,960615
3,50,214.5,1979,922637
3,51,237.1,2157,909576
3,52,238.2,2168,909981
3,53,254.3,2214,870703
3,54,281.9,2433,862981
3,55,281.2,2526,898203
3,56,320.6,2204,687474
3,57,303.3,2063,680126
3,58,324.5,2155,664016
3,59,362.2,2468,681392
3,60,371.5,2229,600076
3,61,370.6,2080,561280
3,62,365.5,2009,549717
3,63,394.6,2041,517197
3,64,377.3,1920,508862
3,65,413.4,1987,480655
3,66,433.9,2048,471970
3,67,398.1,1894,475733
3,68,407.0,1784,438319
3,69,431.3,1888,437779
3,70,423.5,1836,433538
3,71,427.3,1851,433228
3,72,442.2,1969,445235
3,73,447.2,1871,418426
3,74,443.9,1849,416525
3,75,451.9,1843,407821
3,76,474.2,1890,398554
3,77,456.9,1816,397437
3,78,468.1,1765,377017
3,79,464.9,1648,354469
3,80,443.7,1508,339871
3,81,438.2,1408,321306
3,82,457.6,1373,300015
3,83,450.0,1152,256009
3,84,429.6,1034,240676
3,85,~,0,0
3,86,~,0,0
4,0,0.0,0,977364
4,1,0.0,0,963617
4,2,0.0,0,974822
4,3,0.0,0,933499
4,4,0.0,0,919474
4,5,0.0,0,920985
4,6,0.0,0,927130
4,7,0.0,0,950680
4,8,0.0,0,965299
4,9,0.0,0,975314
4,10,0.0,0,1010915
4,11,0.0,0,1022940
4,12,0.0,0,1035219
4,13,0.1,1,1046230
4,14,0.2,2,1002490
4,15,0.1,1,987682
4,16,0.4,4,976070
4,17,0.0,0,974347
4,18,0.2,2,975076
4,19,0.3,3,946777
4,20,0.6,6,959214
4,21,1.0,10,971020
4,22,1.0,10,999156
4,23,1.9,19,1009817
4,24,3.0,29,962114
4,25,3.8,36,944983
4,26,6.1,57,940631
4,27,7.8,72,925377
4,28,10.7,101,947623
4,29,12.5,114,915510
4,30,16.3,154,947641
4,31,21.7,213,980251
4,32,29.5,310,1049298
4,33,30.9,332,1073801
4,34,35.1,356,1014603
4,35,46.3,464,1002352
4,36,52.4,524,1000017
4,37,59.0,604,1023889
4,38,70.1,766,1092929
4,39,78.2,866,1106924
4,40,97.5,1075,1102640
4,41,106.1,1170,1103074
4,42,127.9,1422,1111740
4,43,125.8,1427,1134780
4,44,148.4,1601,1078974
4,45,167.1,1798,1075859
4,46,175.6,1874,1067437
4,47,188.6,1943,1030323
4,48,197.1,2033,1031661
4,49,210.5,2076,986379
4,50,219.3,2097,956437
4,51,225.7,2083,922766
4,52,221.4,2004,905227
4,53,230.5,2092,907614
4,54,250.5,2178,869483
4,55,265.3,2272,856460
4,56,281.7,2523,895777
4,57,302.7,2067,682754
4,58,302.1,2043,676264
4,59,325.6,2142,657902
4,60,330.9,2228,673219
4,61,339.4,2030,598175
4,62,346.2,1925,556089
4,63,337.1,1832,543477
4,64,360.0,1840,511131
4,65,369.8,1865,504344
4,66,370.9,1761,474760
4,67,383.4,1785,465589
4,68,367.1,1724,469618
4,69,388.8,1677,431358
4,70,400.9,1720,429039
4,71,396.9,1695,427073
4,72,414.3,1757,424127
4,73,409.3,1783,435654
4,74,423.1,1725,407697
4,75,418.1,1684,402801
4,76,434.7,1727,397312
4,77,439.6,1691,384711
4,78,445.6,1708,383333
4,79,429.7,1556,362083
4,80,425.9,1438,337623
4,81,447.2,1450,324207
4,82,410.7,1245,303119
4,83,403.9,1139,282012
4,84,395.4,940,237727
4,85,~,0,0
4,86,~,0,0
5,0,0.0,0,982095
5,1,0.0,0,966606
5,2,0.0,0,957763
5,3,0.0,0,972891
5,4,0.0,0,933320
5,5,0.0,0,917127
5,6,0.0,0,915676
5,7,0.0,0,928688
5,8,0.0,0,948751
5,9,0.0,0,968786
5,10,0.0,0,1000314
5,11,0.0,0,1009982
5,12,0.0,0,1029929
5,13,0.2,2,1037821
5,14,0.0,0,1044581
5,15,0.0,0,1010758
5,16,0.0,0,995317
5,17,0.2,2,978804
5,18,0.1,1,978395
5,19,0.2,2,974569
5,20,0.5,5,952615
5,21,0.8,8,970252
5,22,1.2,12,981421
5,23,1.8,18,1014467
5,24,3.1,32,1021587
5,25,4.1,40,978436
5,26,5.3,50,946650
5,27,7.5,71,949570
5,28,12.3,114,927397
5,29,12.1,114,942839
5,30,18.8,174,927970
5,31,22.8,215,941652
5,32,26.0,258,990679
5,33,29.0,304,1048188
5,34,38.6,415,1075419
5,35,43.1,439,1018637
5,36,52.7,528,1002001
5,37,64.5,644,998157
5,38,71.9,736,1023879
5,39,80.7,881,1091711
5,40,100.1,1106,1104711
5,41,106.1,1170,1102780
5,42,125.7,1383,1100092
5,43,135.3,1503,1110835
5,44,134.7,1519,1128095
5,45,165.4,1777,1074669
5,46,174.5,1875,1074248
5,47,194.5,2075,1066821
5,48,203.2,2084,1025604
5,49,208.4,2147,1030162
5,50,219.6,2154,980723
5,51,220.5,2110,956958
5,52,233.9,2146,917318
5,53,226.9,2047,902186
5,54,232.5,2108,906745
5,55,261.6,2254,861534
5,56,262.5,2238,852521
5,57,283.7,2523,889189
5,58,297.9,2020,678116
5,59,297.6,1993,669731
5,60,324.8,2104,647720
5,61,341.9,2295,671322
5,62,343.4,2032,591774
5,63,347.3,1905,548459
5,64,336.5,1805,536432
5,65,392.8,1989,506384
5,66,389.9,1939,497325
5,67,371.6,1737,467385
5,68,375.9,1726,459114
5,69,376.9,1741,461968
5,70,389.7,1644,421877
5,71,388.8,1643,422618
5,72,394.8,1649,417649
5,73,413.6,1715,414678
5,74,397.9,1686,423683
5,75,427.5,1682,393426
5,76,422.3,1660,393067
5,77,434.3,1664,383115
5,78,444.5,1648,370761
5,79,429.5,1580,367876
5,80,429.3,1477,344036
5,81,427.0,1376,322224
5,82,464.8,1419,305294
5,83,418.8,1192,284633
5,84,396.6,1038,261749
5,85,~,0,0
5,86,~,0,0
6,0,0.0,0,971146
6,1,0.0,0,968784
6,2,0.0,0,959052
6,3,0.0,0,954581
6,4,0.0,0,971623
6,5,0.0,0,929680
6,6,0.0,0,910001
6,7,0.0,0,916576
6,8,0.0,0,925341
6,9,0.0,0,952097
6,10,0.0,0,997761
6,11,0.0,0,995920
6,12,0.0,0,1015440
6,13,0.0,0,1029930
6,14,0.0,0,1032957
6,15,0.2,2,1052319
6,16,0.0,0,1017498
6,17,0.0,0,995906
6,18,0.1,1,982732
6,19,0.4,4,977662
6,20,0.4,4,975730
6,21,0.9,9,960880
6,22,1.5,15,977978
6,23,1.7,17,994388
6,24,3.1,32,1024035
6,25,4.9,51,1036972
6,26,4.2,41,977255
6,27,8.8,84,954860
6,28,10.1,96,948991
6,29,10.8,99,918813
6,30,16.6,159,956336
6,31,21.7,199,918838
6,32,28.3,270,953091
6,33,31.8,314,987510
6,34,36.6,383,1046839
6,35,45.6,492,1078608
6,36,53.0,539,1016859
6,37,59.7,596,997998
6,38,66.1,659,997027
6,39,77.9,795,1020987
6,40,100.1,1088,1086989
6,41,108.9,1202,1103474
6,42,118.0,1294,1097021
6,43,127.8,1403,1098025
6,44,152.1,1675,1101192
6,45,151.9,1703,1121291
6,46,180.5,1935,1072036
6,47,182.3,1955,1072480
6,48,200.5,2126,1060152
6,49,212.9,2178,1022874
6,50,216.1,2208,1021982
6,51,210.3,2063,981067
6,52,225.1,2138,949683
6,53,224.7,2054,913919
6,54,230.0,2071,900489
6,55,236.1,2117,896622
6,56,266.2,2284,858106
6,57,270.8,2284,843429
6,58,300.7,2652,881854
6,59,311.9,2096,671927
6,60,324.6,2136,658046
6,61,341.5,2206,645952
6,62,330.7,2194,663394
6,63,354.3,2065,582813
6,64,355.0,1920,540875
6,65,367.5,1955,531934
6,66,387.7,1933,498628
6,67,367.2,1796,489096
6,68,387.7,1787,460892
6,69,379.5,1711,450900
6,70,378.5,1706,450744
6,71,412.4,1716,416135
6,72,391.3,1613,412214
6,73,416.7,1701,408168
6,74,426.6,1719,402947
6,75,428.7,1749,407989
6,76,413.8,1591,384498
6,77,448.4,1698,378687
6,78,434.9,1606,369267
6,79,435.4,1548,355565
6,80,438.6,1534,349742
6,81,467.6,1539,329093
6,82,445.4,1352,303545
6,83,435.3,1248,286713
6,84,382.0,1009,264139
6,85,~,0,0
6,86,~,0,0
7,0,0.0,0,974942
7,1,0.0,0,959733
7,2,0.0,0,965956
7,3,0.0,0,959707
7,4,0.0,0,957488
7,5,0.0,0,970796
7,6,0.0,0,923799
7,7,0.0,0,914756
7,8,0.0,0,916617
7,9,0.0,0,932211
7,10,0.0,0,989238
7,11,0.0,0,995463
7,12,0.1,1,1004957
7,13,0.0,0,1017795
7,14,0.0,0,1026416
7,15,0.1,1,1044345
7,16,0.1,1,1061810
7,17,0.2,2,1018970
7,18,0.3,3,1002331
7,19,0.7,7,984011
7,20,0.0,0,978389
7,21,0.9,9,985968
7,22,1.8,17,969355
7,23,1.8,18,996591
7,24,2.8,28,1008340
7,25,3.8,40,1044576
7,26,5.5,57,1037402
7,27,8.6,85,989453
7,28,10.1,97,956228
7,29,14.1,133,941511
7,30,15.0,141,937122
7,31,21.2,201,948139
7,32,22.1,207,934698
7,33,30.9,294,952815
7,34,41.1,407,989939
7,35,44.2,466,1053971
7,36,52.8,570,1079208
7,37,59.4,603,1014738
7,38,65.4,654,999376
7,39,85.9,857,997110
7,40,106.0,1080,1018884
7,41,107.1,1167,1089351
7,42,115.6,1272,1100296
7,43,135.0,1482,1097942
7,44,155.2,1692,1090262
7,45,171.3,1878,1096448
7,46,169.9,1907,1122172
7,47,199.5,2140,1072716
7,48,194.1,2072,1067599
7,49,210.9,2236,1060344
7,50,226.4,2302,1016632
7,51,206.3,2117,1026295
7,52,219.6,2142,975200
7,53,226.0,2143,948407
7,54,231.6,2120,915214
7,55,237.3,2116,891553
7,56,248.1,2222,895726
7,57,275.5,2344,850729
7,58,300.5,2519,838212
7,59,305.5,2674,875213
7,60,330.2,2177,659243
7,61,318.5,2103,660213
7,62,345.9,2212,639538
7,63,368.4,2412,654689
7,64,350.2,2016,575627
7,65,400.2,2150,537170
7,66,374.0,1961,524395
7,67,396.0,1943,490696
7,68,395.0,1907,482826
7,69,405.7,1838,453093
7,70,416.7,1833,439925
7,71,401.6,1791,445995
7,72,396.8,1612,406233
7,73,433.1,1748,403567
7,74,416.9,1655,396947
7,75,422.5,1640,388177
7,76,423.9,1697,400308
7,77,428.3,1588,370791
7,78,433.6,1585,365580
7,79,457.6,1624,354881
7,80,430.5,1455,337964
7,81,402.3,1351,335819
7,82,421.4,1308,310361
7,83,422.5,1208,285907
7,84,409.2,1090,266378
7,85,~,0,0
7,86,~,0,0
8,0,0.0,0,1000208
8,1,0.0,0,961242
8,2,0.0,0,957382
8,3,0.0,0,970279
8,4,0.0,0,965279
8,5,0.0,0,958067
8,6,0.0,0,964868
8,7,0.0,0,931403
8,8,0.0,0,915686
8,9,0.0,0,925763
8,10,0.0,0,975410
8,11,0.0,0,986320
8,12,0.0,0,1005704
8,13,0.0,0,1007455
8,14,0.0,0,1013231
8,15,0.0,0,1039010
8,16,0.0,0,1053986
8,17,0.2,2,1062047
8,18,0.4,4,1025991
8,19,0.1,1,1003669
8,20,0.5,5,983967
8,21,1.2,12,987748
8,22,1.0,10,993791
8,23,2.8,28,986667
8,24,4.2,42,1010261
8,25,4.7,48,1030711
8,26,6.1,64,1043409
8,27,9.8,103,1051813
8,28,11.7,116,989859
8,29,13.7,130,945815
8,30,18.3,176,963525
8,31,20.0,185,926606
8,32,25.2,244,967370
8,33,32.1,300,934972
8,34,38.6,369,956631
8,35,47.0,469,998695
8,36,46.7,492,1054337
8,37,57.6,620,1077312
8,38,70.1,713,1016792
8,39,79.1,791,999866
8,40,107.2,1067,995647
8,41,109.1,1114,1021529
8,42,120.5,1309,1086532
8,43,134.1,1478,1102080
8,44,152.8,1664,1089344
8,45,167.1,1815,1086483
8,46,182.0,1997,1097554
8,47,191.7,2156,1124569
8,48,209.5,2237,1067769
8,49,215.9,2307,1068473
8,50,220.3,2323,1054380
8,51,218.4,2231,1021522
8,52,219.8,2242,1020025
8,53,228.5,2226,974356
8,54,242.1,2304,951498
8,55,252.4,2286,905527
8,56,254.9,2271,890844
8,57,266.7,2370,888733
8,58,286.4,2425,846643
8,59,314.5,2611,830182
8,60,321.5,2768,861039
8,61,342.9,2273,662882
8,62,350.6,2298,655416
8,63,367.3,2315,630236
8,64,384.5,2490,647542
8,65,425.9,2444,573784
8,66,418.8,2219,529796
8,67,404.2,2089,516865
8,68,421.8,2046,485036
8,69,420.8,1999,475077
8,70,399.5,1767,442313
8,71,421.5,1838,436015
8,72,411.2,1793,436044
8,73,415.0,1653,398287
8,74,435.2,1709,392684
8,75,443.5,1694,381970
8,76,447.4,1708,381798
8,77,408.4,1578,386404
8,78,455.2,1632,358491
8,79,422.4,1487,352008
8,80,420.2,1418,337487
8,81,440.9,1435,325444
8,82,408.1,1295,317307
8,83,440.2,1290,293073
8,84,427.7,1138,266064
8,85,~,0,0
8,86,~,0,0
9,0,0.0,0,1001551
9,1,0.0,0,986482
9,2,0.0,0,959475
9,3,0.0,0,963662
9,4,0.0,0,979981
9,5,0.0,0,967910
9,6,0.0,0,953285
9,7,0.0,0,975986
9,8,0.0,0,934063
9,9,0.0,0,927584
9,10,0.0,0,976088
9,11,0.0,0,972736
9,12,0.0,0,998298
9,13,0.1,1,1009089
9,14,0.0,0,1002853
9,15,0.1,1,1028083
9,16,0.1,1,1050379
9,17,0.2,2,1053978
9,18,0.1,1,1071617
9,19,0.3,3,1027942
9,20,0.9,9,1002092
9,21,0.8,8,993501
9,22,1.7,17,995705
9,23,2.5,25,1013400
9,24,2.9,29,1001381
9,25,5.6,58,1035328
9,26,5.7,59,1029513
9,27,7.9,84,1059321
9,28,11.1,117,1051086
9,29,13.5,132,979450
9,30,18.2,177,972734
9,31,23.2,221,952712
9,32,25.9,246,949848
9,33,33.5,324,968392
9,34,37.0,348,939884
9,35,46.7,452,967157
9,36,52.2,522,1000306
9,37,65.4,689,1053184
9,38,61.5,665,1080852
9,39,89.1,908,1018516
9,40,101.6,1015,999278
9,41,113.7,1137,999915
9,42,123.7,1261,1019520
9,43,130.3,1420,1089446
9,44,154.5,1689,1093437
9,45,169.7,1843,1086080
9,46,182.7,1989,1088833
9,47,187.3,2063,1101423
9,48,197.2,2208,1119831
9,49,225.1,2409,1070035
9,50,230.5,2449,1062583
9,51,215.6,2290,1061915
9,52,233.6,2373,1015998
9,53,227.6,2323,1020738
9,54,243.0,2380,979492
9,55,250.6,2359,941437
9,56,262.9,2384,906880
9,57,271.2,2399,884513
9,58,269.4,2387,885922
9,59,307.5,2580,839049
9,60,334.4,2727,815455
9,61,331.3,2878,868762
9,62,369.2,2432,658661
9,63,367.3,2375,646623
9,64,364.8,2273,623130
9,65,415.9,2690,646777
9,66,423.4,2397,566141
9,67,416.4,2174,522145
9,68,408.6,2090,511472
9,69,424.1,2025,477466
9,70,426.7,1977,463271
9,71,433.2,1901,438856
9,72,436.0,1856,425666
9,73,409.7,1753,427845
9,74,425.8,1648,387073
9,75,438.6,1655,377358
9,76,443.4,1669,376452
9,77,430.0,1583,368123
9,78,450.1,1682,373666
9,79,452.2,1560,344942
9,80,427.8,1429,334006
9,81,426.2,1386,325179
9,82,427.9,1313,306874
9,83,396.7,1191,300209
9,84,433.8,1183,272720
9,85,~,0,0
9,86,~,0,0
10,0,0.2,2,970717
10,1,0.0,0,987074
10,2,0.0,0,985142
10,3,0.0,0,966803
10,4,0.0,0,974539
10,5,0.0,0,985203
10,6,0.0,0,963696
10,7,0.0,0,965897
10,8,0.0,0,979448
10,9,0.0,0,948172
10,10,0.1,1,984383
10,11,0.0,0,973124
10,12,0.0,0,985823
10,13,0.0,0,1001603
10,14,0.0,0,1003971
10,15,0.0,0,1018529
10,16,0.0,0,1039924
10,17,0.0,0,1049007
10,18,0.2,2,1064546
10,19,0.7,7,1073917
10,20,0.5,5,1024148
10,21,1.1,11,1011590
10,22,1.2,12,999195
10,23,2.8,28,1015516
10,24,2.9,30,1028176
10,25,5.5,56,1026052
10,26,6.7,69,1032356
10,27,8.2,86,1046942
10,28,11.5,122,1057382
10,29,13.9,144,1036892
10,30,19.2,194,1009853
10,31,23.3,224,959675
10,32,26.7,261,978745
10,33,29.8,283,950587
10,34,37.0,360,973896
10,35,47.8,455,951331
10,36,48.7,472,969385
10,37,60.5,605,999697
10,38,66.6,704,1057292
10,39,79.2,857,1082416
10,40,107.0,1089,1017535
10,41,107.5,1079,1003719
10,42,128.1,1279,998265
10,43,141.1,1443,1023014
10,44,147.2,1590,1080077
10,45,166.1,1811,1090147
10,46,185.1,2016,1089423
10,47,199.1,2178,1093650
10,48,211.6,2321,1096670
10,49,207.0,2325,1122976
10,50,234.0,2490,1064071
10,51,220.1,2359,1071658
10,52,224.9,2374,1055705
10,53,237.4,2415,1017481
10,54,243.8,2505,1027486
10,55,249.3,2416,969066
10,56,262.8,2481,944161
10,57,272.6,2455,900670
10,58,285.5,2519,882306
10,59,284.9,2503,878640
10,60,323.9,2669,823928
10,61,342.4,2823,824523
10,62,341.2,2950,864626
10,63,380.9,2476,650024
10,64,364.6,2333,639902
10,65,435.5,2716,623642
10,66,414.3,2647,638940
10,67,437.7,2445,558650
10,68,426.9,2210,517689
10,69,430.8,2173,504422
10,70,452.5,2109,466057
10,71,431.8,1991,461144
10,72,436.5,1873,429101
10,73,443.9,1858,418608
10,74,429.9,1789,416122
10,75,453.2,1686,372040
10,76,456.6,1705,373412
10,77,434.1,1578,363538
10,78,434.4,1550,356836
10,79,447.1,1613,360753
10,80,449.6,1474,327847
10,81,440.6,1423,322982
10,82,430.1,1323,307569
10,83,425.5,1237,290737
10,84,433.8,1215,280058
10,85,~,0,0
10,86,~,0,0
11,0,0.0,0,960026
11,1,0.0,0,956960
11,2,0.0,0,987495
11,3,0.0,0,989931
11,4,0.0,0,981096
11,5,0.0,0,980078
11,6,0.0,0,981862
11,7,0.0,0,975802
11,8,0.0,0,968479
11,9,0.0,0,989132
11,10,0.0,0,1000478
11,11,0.0,0,983831
11,12,0.0,0,984867
11,13,0.0,0,990376
11,14,0.0,0,995605
11,15,0.1,1,1014729
11,16,0.1,1,1032054
11,17,0.1,1,1040431
11,18,0.4,4,1059249
11,19,0.6,6,1069016
11,20,0.4,4,1071821
11,21,0.7,7,1032678
11,22,1.3,13,1018498
11,23,1.4,14,1015525
11,24,2.7,28,1028803
11,25,5.9,62,1048370
11,26,6.0,61,1023928
11,27,9.3,97,1044919
11,28,11.0,116,1051358
11,29,14.0,146,1042071
11,30,17.7,188,1063304
11,31,23.2,232,1000609
11,32,26.9,264,982769
11,33,29.5,289,979675
11,34,38.0,363,954779
11,35,40.0,393,982705
11,36,52.6,502,954647
11,37,62.9,609,968886
11,38,62.7,630,1004836
11,39,80.7,856,1060945
11,40,104.8,1129,1077208
11,41,107.9,1104,1023015
11,42,118.1,1184,1002308
11,43,128.9,1290,1000429
11,44,155.8,1584,1016843
11,45,159.0,1710,1075422
11,46,173.1,1894,1093885
11,47,188.9,2065,1093088
11,48,203.2,2212,1088644
11,49,201.6,2220,1101246
11,50,211.6,2356,1113415
11,51,208.6,2239,1073220
11,52,216.5,2308,1065929
11,53,215.9,2279,1055629
11,54,225.1,2304,1023507
11,55,228.1,2317,1015768
11,56,240.6,2340,972391
11,57,264.9,2481,936607
11,58,272.0,2444,898666
11,59,291.8,2558,876523
11,60,295.1,2539,860507
11,61,329.6,2742,831907
11,62,348.6,2864,821584
11,63,362.4,3083,850694
11,64,373.0,2400,643478
11,65,408.9,2604,636782
11,66,410.4,2535,617726
11,67,406.8,2557,628583
11,68,423.4,2343,553358
11,69,424.5,2173,511867
11,70,417.5,2049,490729
11,71,419.5,1944,463381
11,72,434.2,1955,450202
11,73,450.9,1900,421423
11,74,432.6,1768,408737
11,75,449.3,1797,399994
11,76,448.2,1643,366560
11,77,437.7,1581,361247
11,78,436.5,1537,352086
11,79,442.8,1527,344851
11,80,429.8,1471,342289
11,81,443.7,1405,316667
11,82,408.3,1250,306123
11,83,392.2,1141,290922
11,84,417.9,1137,272048
11,85,~,0,0
11,86,~,0,0
12,0,0.0,0,967495
12,1,0.0,0,964114
12,2,0.1,1,960416
12,3,0.0,0,990884
12,4,0.0,0,992521
12,5,0.0,0,984034
12,6,0.0,0,982742
12,7,0.0,0,984902
12,8,0.0,0,978820
12,9,0.1,1,971108
12,10,0.0,0,991909
12,11,0.0,0,1003809
12,12,0.1,1,986594
12,13,0.0,0,987753
12,14,0.0,0,993092
12,15,0.0,0,999002
12,16,0.1,1,1018532
12,17,0.0,0,1036830
12,18,0.0,0,1041048
12,19,0.4,4,1051497
12,20,0.6,6,1080872
12,21,0.8,9,1083867
12,22,1.1,12,1046019
12,23,3.0,31,1036144
12,24,2.1,22,1032422
12,25,5.1,53,1041429
12,26,6.8,72,1059979
12,27,7.8,81,1033003
12,28,13.5,142,1052568
12,29,14.3,151,1057573
12,30,18.7,196,1047756
12,31,23.6,252,1067594
12,32,28.7,288,1004766
12,33,30.5,301,985754
12,34,43.0,423,982590
12,35,46.6,446,957311
12,36,49.2,485,984800
12,37,60.6,579,955899
12,38,72.5,703,970018
12,39,82.6,831,1005822
12,40,105.2,1116,1061130
12,41,111.1,1196,1076714
12,42,126.1,1290,1023065
12,43,131.3,1315,1001667
12,44,146.3,1462,999426
12,45,167.1,1697,1015753
12,46,178.1,1912,1073592
12,47,194.6,2125,1091736
12,48,205.2,2238,1090566
12,49,209.5,2275,1085813
12,50,216.2,2374,1097845
12,51,216.4,2402,1109919
12,52,222.2,2376,1069249
12,53,226.4,2405,1062084
12,54,233.0,2449,1051185
12,55,238.2,2426,1018540
12,56,245.8,2483,1010341
12,57,260.8,2521,966754
12,58,285.2,2655,930947
12,59,293.5,2619,892470
12,60,313.2,2725,870023
12,61,333.1,2844,853779
12,62,346.4,2856,824578
12,63,356.1,2896,813232
12,64,358.7,3017,841103
12,65,442.2,2813,636183
12,66,398.8,2510,629316
12,67,425.8,2598,610192
12,68,436.2,2706,620377
12,69,429.1,2340,545312
12,70,434.5,2191,504224
12,71,416.9,2014,483071
12,72,440.9,2007,455208
12,73,451.6,1995,441751
12,74,465.4,1920,412555
12,75,454.3,1814,399286
12,76,466.0,1818,390153
12,77,465.0,1657,356368
12,78,430.2,1506,350060
12,79,451.0,1535,340320
12,80,442.6,1469,331881
12,81,407.4,1335,327664
12,82,422.3,1274,301646
12,83,423.0,1226,289841
12,84,395.3,1082,273736
12,85,~,0,0
12,86,~,0,0
13,0,0.0,0,955943
13,1,0.0,0,969838
13,2,0.0,0,965949
13,3,0.0,0,962706
13,4,0.0,0,992785
13,5,0.0,0,994533
13,6,0.0,0,986089
13,7,0.0,0,985003
13,8,0.0,0,987254
13,9,0.0,0,981662
13,10,0.0,0,973648
13,11,0.0,0,994573
13,12,0.0,0,1006455
13,13,0.1,1,988937
13,14,0.1,1,990309
13,15,0.2,2,995887
13,16,0.1,1,1002804
13,17,0.2,2,1023226
13,18,0.7,7,1037864
13,19,0.2,2,1032529
13,20,0.7,7,1062608
13,21,1.2,13,1092075
13,22,1.1,12,1096773
13,23,2.2,23,1063033
13,24,2.8,29,1052586
13,25,4.2,44,1044329
13,26,5.5,58,1052291
13,27,9.2,98,1068664
13,28,13.5,140,1040582
13,29,16.1,170,1058010
13,30,18.7,199,1062924
13,31,25.2,265,1051397
13,32,26.6,285,1070756
13,33,34.6,349,1007233
13,34,38.5,380,988015
13,35,45.6,449,983916
13,36,54.9,526,958886
13,37,60.4,595,985508
13,38,70.3,672,956443
13,39,79.1,768,970443
13,40,111.4,1120,1005696
13,41,110.3,1169,1059956
13,42,117.7,1266,1075781
13,43,131.5,1344,1022074
13,44,152.9,1529,1000303
13,45,164.7,1645,998549
13,46,174.1,1764,1013475
13,47,194.6,2085,1071170
13,48,205.2,2235,1089087
13,49,206.9,2250,1087458
13,50,218.6,2365,1082013
13,51,229.0,2505,1094095
13,52,215.4,2381,1105313
13,53,226.1,2407,1064601
13,54,239.0,2526,1056909
13,55,234.3,2451,1045946
13,56,256.0,2592,1012687
13,57,259.0,2601,1004416
13,58,268.7,2581,960727
13,59,285.4,2639,924668
13,60,311.2,2757,886002
13,61,319.1,2753,862762
13,62,326.5,2762,846016
13,63,355.1,2898,816195
13,64,363.9,2927,804379
13,65,415.6,3456,831568
13,66,424.5,2669,628771
13,67,410.1,2549,621621
13,68,433.0,2609,602490
13,69,436.5,2669,611448
13,70,443.0,2380,537191
13,71,431.9,2144,496420
13,72,439.9,2090,475092
13,73,445.8,1994,447282
13,74,469.5,2032,432815
13,75,474.1,1912,403277
13,76,452.6,1763,389537
13,77,442.5,1679,379472
13,78,444.1,1535,345641
13,79,437.0,1480,338653
13,80,424.5,1392,327926
13,81,426.5,1357,318190
13,82,422.4,1321,312746
13,83,403.7,1155,286134
13,84,378.1,1033,273225
13,85,~,0,0
13,86,~,0,0
14,0,0.0,0,957407
14,1,0.0,0,958652
14,2,0.0,0,972246
14,3,0.0,0,968304
14,4,0.0,0,964843
14,5,0.0,0,994536
14,6,0.0,0,996542
14,7,0.0,0,987722
14,8,0.0,0,987321
14,9,0.0,0,989580
14,10,0.0,0,984053
14,11,0.0,0,975989
14,12,0.0,0,997145
14,13,0.0,0,1008759
14,14,0.1,1,991546
14,15,0.0,0,993240
14,16,0.0,0,999778
14,17,0.0,0,1007780
14,18,0.3,3,1024516
14,19,0.1,1,1028235
14,20,0.5,5,1041796
14,21,0.7,7,1071953
14,22,1.4,15,1103789
14,23,3.3,37,1113260
14,24,3.1,33,1078800
14,25,6.2,66,1065056
14,26,5.2,55,1054776
14,27,9.7,103,1060442
14,28,12.4,133,1075903
14,29,15.7,164,1046836
14,30,20.3,216,1063878
14,31,24.8,264,1066535
14,32,27.4,289,1054388
14,33,31.1,334,1072853
14,34,38.7,391,1009114
14,35,47.6,471,989851
14,36,58.4,575,985285
14,37,64.9,623,959789
14,38,74.0,729,985792
14,39,83.3,797,956899
14,40,108.2,1050,970116
14,41,112.5,1130,1004881
14,42,121.6,1288,1059032
14,43,132.2,1420,1074271
14,44,150.9,1539,1020094
14,45,171.1,1709,998693
14,46,185.7,1850,996058
14,47,190.3,1924,1011011
14,48,202.2,2160,1068366
14,49,214.8,2332,1085499
14,50,227.5,2465,1083702
14,51,233.7,2519,1077817
14,52,228.4,2488,1089301
14,53,220.2,2423,1100221
14,54,241.2,2555,1059475
14,55,230.7,2425,1051149
14,56,251.3,2613,1039671
14,57,268.6,2702,1006008
14,58,276.7,2761,997744
14,59,297.9,2841,953591
14,60,310.2,2846,917543
14,61,323.0,2836,877978
14,62,332.1,2839,854784
14,63,344.4,2885,837628
14,64,363.5,2934,807094
14,65,426.8,3394,795276
14,66,400.1,3285,821137
14,67,434.0,2694,620802
14,68,417.5,2562,613582
14,69,453.3,2692,593824
14,70,435.0,2619,602048
14,71,472.8,2498,528318
14,72,470.5,2295,487807
14,73,444.5,2073,466320
14,74,460.3,2015,437752
14,75,472.5,1998,422852
14,76,454.2,1785,393010
14,77,444.6,1684,378743
14,78,441.4,1623,367723
14,79,448.5,1498,333995
14,80,420.2,1370,326023
14,81,406.2,1275,313890
14,82,410.8,1245,303078
14,83,409.1,1212,296268
14,84,396.6,1068,269266
14,85,~,0,0
14,86,~,0,0
15,0,0.0,0,960045
15,1,0.0,0,960075
15,2,0.0,0,960945
15,3,0.0,0,974612
15,4,0.0,0,970532
15,5,0.0,0,967285
15,6,0.0,0,996490
15,7,0.0,0,998652
15,8,0.0,0,989978
15,9,0.0,0,989292
15,10,0.0,0,992087
15,11,0.0,0,986545
15,12,0.0,0,978131
15,13,0.0,0,999658
15,14,0.0,0,1011412
15,15,0.0,0,994878
15,16,0.0,0,997496
15,17,0.0,0,1005125
15,18,0.5,5,1010404
15,19,0.2,2,1016266
15,20,0.6,6,1037470
15,21,0.8,8,1052116
15,22,1.8,19,1084511
15,23,2.7,30,1121938
15,24,2.8,32,1131078
15,25,4.8,52,1092928
15,26,7.4,80,1076797
15,27,9.9,105,1064333
15,28,11.7,125,1069262
15,29,17.8,193,1082767
15,30,23.0,242,1053391
15,31,23.2,248,1069153
15,32,28.3,303,1070493
15,33,29.9,316,1056890
15,34,37.0,398,1075235
15,35,48.5,490,1011256
15,36,54.9,544,991637
15,37,60.7,598,985842
15,38,71.5,687,960486
15,39,79.5,784,986678
15,40,108.2,1035,956758
15,41,113.5,1101,969743
15,42,131.9,1325,1004437
15,43,139.7,1478,1057689
15,44,154.3,1655,1072478
15,45,169.3,1725,1018624
15,46,185.4,1847,996476
15,47,188.5,1873,993836
15,48,209.2,2110,1008504
15,49,210.1,2238,1065084
15,50,225.3,2436,1081433
15,51,225.4,2433,1079329
15,52,234.6,2518,1073261
15,53,232.0,2516,1084271
15,54,236.9,2593,1094658
15,55,239.8,2527,1053682
15,56,257.5,2690,1044654
15,57,275.6,2847,1032857
15,58,271.8,2715,998916
15,59,300.0,2970,990133
15,60,314.8,2977,945676
15,61,326.3,2969,909797
15,62,343.3,2986,869796
15,63,358.8,3035,845971
15,64,357.1,2959,828660
15,65,437.3,3489,797823
15,66,403.7,3168,784802
15,67,420.2,3405,810379
15,68,443.2,2715,612526
15,69,429.1,2595,604689
15,70,459.2,2684,584547
15,71,439.9,2605,592215
15,72,486.5,2527,519382
15,73,460.2,2204,478931
15,74,460.3,2103,456913
15,75,457.7,1959,428002
15,76,442.7,1826,412510
15,77,458.2,1753,382598
15,78,443.9,1631,367408
15,79,468.7,1668,355843
15,80,427.3,1375,321813
15,81,411.5,1288,312975
15,82,411.3,1233,299806
15,83,396.8,1142,287834
15,84,381.7,1068,279778
15,85,~,0,0
15,86,~,0,0
16,0,0.0,0,969034
16,1,0.0,0,962527
16,2,0.0,0,962386
16,3,0.0,0,963284
16,4,0.0,0,977003
16,5,0.0,0,972931
16,6,0.0,0,969115
16,7,0.0,0,998676
16,8,0.1,1,1000470
16,9,0.0,0,992198
16,10,0.0,0,991567
16,11,0.0,0,994167
16,12,0.0,0,988769
16,13,0.0,0,980696
16,14,0.0,0,1002307
16,15,0.0,0,1015215
16,16,0.0,0,999357
16,17,0.1,1,1003010
16,18,0.1,1,1008146
16,19,0.1,1,1002673
16,20,0.3,3,1025097
16,21,0.8,8,1047313
16,22,2.1,22,1064335
16,23,1.8,20,1102022
16,24,3.3,38,1139104
16,25,4.4,50,1145382
16,26,7.3,81,1105277
16,27,9.9,108,1086876
16,28,12.1,130,1073625
16,29,16.7,180,1075964
16,30,18.5,202,1089522
16,31,21.6,229,1058685
16,32,33.4,359,1073630
16,33,34.2,367,1073375
16,34,41.3,438,1059625
16,35,44.1,475,1076826
16,36,54.9,556,1013098
16,37,66.1,656,992615
16,38,75.3,743,986523
16,39,84.4,812,961813
16,40,111.7,1102,986672
16,41,111.0,1062,956873
16,42,125.7,1219,969879
16,43,145.3,1458,1003405
16,44,156.3,1650,1055416
16,45,168.9,1809,1070769
16,46,188.0,1911,1016454
16,47,193.9,1928,994122
16,48,209.9,2080,991064
16,49,222.2,2233,1005174
16,50,223.4,2370,1060741
16,51,233.9,2519,1076726
16,52,232.1,2493,1074006
16,53,234.1,2501,1068236
16,54,237.6,2563,1078568
16,55,240.8,2621,1088366
16,56,252.1,2639,1046827
16,57,280.1,2906,1037341
16,58,274.6,2816,1025307
16,59,296.0,2934,991197
16,60,312.2,3066,982097
16,61,331.6,3108,937297
16,62,347.8,3134,901114
16,63,378.3,3255,860470
16,64,374.7,3134,836408
16,65,416.0,3406,818814
16,66,415.4,3270,787201
16,67,432.2,3347,774408
16,68,438.6,3505,799055
16,69,451.3,2723,603399
16,70,460.8,2743,595225
16,71,473.3,2719,574490
16,72,463.1,2693,581548
16,73,495.2,2523,509456
16,74,458.5,2150,468926
16,75,447.5,1997,446249
16,76,461.5,1925,417155
16,77,461.0,1849,401066
16,78,428.2,1588,370862
16,79,456.4,1621,355177
16,80,425.7,1459,342745
16,81,430.1,1327,308531
16,82,438.2,1308,298512
16,83,401.8,1142,284256
16,84,387.4,1051,271271
16,85,~,0,0
16,86,~,0,0
17,0,0.1,1,960568
17,1,0.0,0,971322
17,2,0.0,0,964353
17,3,0.0,0,964320
17,4,0.0,0,964971
17,5,0.0,0,978542
17,6,0.0,0,974322
17,7,0.0,0,970597
17,8,0.0,0,999855
17,9,0.0,0,1001827
17,10,0.0,0,993996
17,11,0.0,0,993173
17,12,0.0,0,996080
17,13,0.0,0,991049
17,14,0.0,0,983370
17,15,0.0,0,1005972
17,16,0.2,2,1019132
17,17,0.1,1,1004677
17,18,0.1,1,1005964
17,19,0.6,6,998844
17,20,1.1,11,1010175
17,21,0.8,8,1033942
17,22,1.5,16,1057939
17,23,2.1,23,1080120
17,24,3.0,34,1117949
17,25,5.5,63,1151736
17,26,6.1,71,1157346
17,27,11.3,126,1114347
17,28,13.6,149,1094517
17,29,15.8,171,1079336
17,30,23.0,249,1080923
17,31,24.2,265,1093504
17,32,32.7,347,1061783
17,33,35.0,377,1076148
17,34,42.9,462,1075830
17,35,48.7,517,1061362
17,36,56.4,608,1077850
17,37,59.2,600,1013218
17,38,68.5,680,992629
17,39,81.7,806,986999
17,40,110.6,1063,961344
17,41,109.0,1075,986106
17,42,118.8,1136,955864
17,43,137.7,1334,968459
17,44,150.5,1507,1001630
17,45,169.2,1782,1053310
17,46,172.3,1840,1067632
17,47,191.8,1944,1013490
17,48,207.0,2051,991046
17,49,211.0,2083,987194
17,50,233.7,2338,1000636
17,51,230.9,2437,1055274
17,52,227.0,2431,1070931
17,53,239.3,2556,1068105
17,54,234.6,2491,1061740
17,55,241.6,2587,1070932
17,56,253.0,2734,1080555
17,57,269.9,2803,1038668
17,58,287.4,2957,1028898
17,59,300.1,3051,1016556
17,60,311.2,3055,981841
17,61,320.4,3117,972983
17,62,340.7,3159,927304
17,63,354.9,3162,890837
17,64,362.4,3081,850089
17,65,411.9,3403,826158
17,66,389.3,3146,808126
17,67,417.6,3241,776144
17,68,439.5,3355,763408
17,69,438.2,3446,786478
17,70,477.2,2834,593888
17,71,448.3,2624,585286
17,72,476.6,2689,564146
17,73,474.9,2709,570440
17,74,474.4,2367,498920
17,75,462.9,2121,458171
17,76,453.4,1972,434914
17,77,465.4,1889,405902
17,78,444.1,1727,388880
17,79,434.7,1560,358882
17,80,404.3,1384,342280
17,81,392.2,1290,328916
17,82,412.9,1216,294472
17,83,405.1,1147,283170
17,84,387.0,1039,268479
17,85,~,0,0
17,86,~,0,0
18,0,0.0,0,939259
18,1,0.0,0,961729
18,2,0.0,0,972113
18,3,0.0,0,965754
18,4,0.0,0,966326
18,5,0.0,0,966245
18,6,0.0,0,979558
18,7,0.0,0,975463
18,8,0.0,0,971765
18,9,0.0,0,1000872
18,10,0.0,0,1003266
18,11,0.0,0,995260
18,12,0.1,1,994651
18,13,0.0,0,997641
18,14,0.2,2,993013
18,15,0.2,2,986310
18,16,0.1,1,1008922
18,17,0.0,0,1023693
18,18,0.5,5,1008106
18,19,0.4,4,997707
18,20,0.5,5,1006764
18,21,0.9,9,1018538
18,22,1.5,16,1043537
18,23,1.8,19,1072440
18,24,2.9,32,1094604
18,25,6.0,68,1128810
18,26,5.3,62,1161576
18,27,10.2,119,1165321
18,28,12.6,141,1121213
18,29,14.3,157,1098974
18,30,19.7,213,1082610
18,31,25.5,276,1083665
18,32,27.8,304,1095476
18,33,38.1,405,1063576
18,34,40.2,433,1077620
18,35,46.5,501,1076279
18,36,54.6,579,1061334
18,37,61.8,665,1076755
18,38,72.7,736,1012409
18,39,88.0,873,991712
18,40,115.5,1138,985106
18,41,119.3,1145,959568
18,42,125.5,1236,984517
18,43,139.7,1333,953934
18,44,156.3,1510,966128
18,45,171.3,1711,998558
18,46,186.3,1955,1049613
18,47,201.2,2140,1063665
18,48,210.7,2126,1009159
18,49,226.9,2238,986473
18,50,234.0,2298,982028
18,51,231.0,2299,995386
18,52,228.4,2396,1049209
18,53,240.6,2561,1064576
18,54,250.2,2655,1061095
18,55,250.8,2643,1053886
18,56,263.9,2804,1062711
18,57,254.8,2732,1072094
18,58,283.1,2915,1029810
18,59,296.7,3024,1019140
18,60,316.0,3180,1006249
18,61,327.3,3180,971473
18,62,339.7,3269,962284
18,63,362.6,3322,916092
18,64,351.5,3091,879470
18,65,419.0,3517,839289
18,66,413.6,3369,814560
18,67,425.2,3387,796618
18,68,436.3,3337,764821
18,69,448.2,3368,751504
18,70,451.9,3495,773346
18,71,468.8,2736,583616
18,72,464.2,2667,574564
18,73,471.6,2609,553276
18,74,489.9,2735,558293
18,75,466.9,2275,487277
18,76,472.7,2112,446816
18,77,437.3,1850,423068
18,78,445.6,1754,393651
18,79,447.4,1683,376145
18,80,428.1,1481,345971
18,81,402.2,1320,328191
18,82,392.5,1232,313905
18,83,403.0,1126,279403
18,84,394.4,1054,267251
18,85,~,0,0
18,86,~,0,0
19,0,0.0,0,918952
19,1,0.0,0,939564
19,2,0.0,0,962371
19,3,0.0,0,972567
19,4,0.0,0,966395
19,5,0.0,0,966682
19,6,0.0,0,966344
19,7,0.0,0,980134
19,8,0.0,0,975640
19,9,0.0,0,972319
19,10,0.0,0,1001369
19,11,0.0,0,1003747
19,12,0.0,0,995927
19,13,0.0,0,995648
19,14,0.0,0,998905
19,15,0.0,0,994898
19,16,0.1,1,988335
19,17,0.1,1,1012554
19,18,0.4,4,1026465
19,19,0.5,5,998240
19,20,0.2,2,1002843
19,21,0.8,8,1012858
19,22,1.0,10,1025413
19,23,2.0,21,1056282
19,24,4.2,46,1084586
19,25,5.1,56,1103173
19,26,7.0,80,1136073
19,27,10.3,120,1167331
19,28,12.3,144,1169909
19,29,17.8,200,1123174
19,30,20.3,223,1101004
19,31,25.5,276,1083918
19,32,32.0,347,1083702
19,33,37.3,409,1095093
19,34,38.5,410,1063648
19,35,46.3,498,1076581
19,36,57.4,617,1074888
19,37,59.7,633,1059462
19,38,73.5,790,1074373
19,39,78.8,796,1010514
19,40,114.9,1137,989133
19,41,123.5,1213,982026
19,42,132.5,1268,957023
19,43,142.5,1399,981633
19,44,155.8,1481,950752
19,45,171.3,1649,962450
19,46,178.9,1778,994108
19,47,198.1,2070,1044937
19,48,214.7,2273,1058805
19,49,227.2,2282,1004251
19,50,235.6,2310,980566
19,51,229.5,2241,976301
19,52,230.4,2279,989263
19,53,228.9,2386,1042328
19,54,244.7,2587,1057384
19,55,250.1,2634,1052993
19,56,265.3,2772,1044851
19,57,273.8,2884,1053388
19,58,273.2,2902,1062147
19,59,295.8,3016,1019547
19,60,312.3,3149,1008323
19,61,317.1,3155,994852
19,62,341.1,3274,959809
19,63,349.0,3317,950410
19,64,365.5,3305,904309
19,65,409.4,3551,867334
19,66,404.1,3343,827197
19,67,421.1,3380,802673
19,68,436.2,3424,785024
19,69,444.1,3343,752779
19,70,460.7,3403,738737
19,71,458.2,3481,759747
19,72,499.1,2859,572823
19,73,491.9,2771,563358
19,74,500.7,2711,541426
19,75,457.4,2494,545197
19,76,477.3,2267,474929
19,77,443.8,1928,434410
19,78,453.7,1862,410361
19,79,454.9,1733,380955
19,80,432.3,1566,362271
19,81,433.8,1438,331522
19,82,403.7,1265,313317
19,83,413.9,1233,297920
19,84,421.7,1112,263708
19,85,~,0,0
19,86,~,0,0
20,0,0.1,1,901683
20,1,0.0,0,919857
20,2,0.0,0,939947
20,3,0.0,0,962735
20,4,0.0,0,972935
20,5,0.1,1,966793
20,6,0.0,0,966287
20,7,0.0,0,966652
20,8,0.0,0,979981
20,9,0.0,0,975812
20,10,0.0,0,972263
20,11,0.0,0,1001118
20,12,0.0,0,1004128
20,13,0.1,1,996474
20,14,0.0,0,996692
20,15,0.1,1,1000147
20,16,0.0,0,997051
20,17,0.4,4,991468
20,18,0.1,1,1016307
20,19,1.1,11,1017682
20,20,0.6,6,1003521
20,21,0.8,8,1008491
20,22,2.0,20,1019209
20,23,2.0,21,1037637
20,24,3.9,42,1067413
20,25,6.1,67,1092178
20,26,8.9,99,1109308
20,27,9.6,110,1140516
20,28,12.9,151,1170145
20,29,15.2,178,1171390
20,30,20.3,228,1123913
20,31,23.6,260,1100935
20,32,32.2,349,1082865
20,33,38.5,417,1082684
20,34,43.8,479,1094085
20,35,51.4,546,1061598
20,36,59.2,636,1073711
20,37,66.3,711,1072311
20,38,77.0,814,1056459
20,39,84.9,910,1071425
20,40,126.4,1272,1006633
20,41,124.9,1231,985664
20,42,133.2,1304,978623
20,43,148.8,1419,953426
20,44,156.1,1526,977704
20,45,185.0,1752,947106
20,46,195.7,1874,957604
20,47,202.8,2006,989159
20,48,223.8,2327,1039583
20,49,224.5,2364,1052886
20,50,249.6,2491,998166
20,51,234.1,2281,974560
20,52,258.1,2503,969652
20,53,247.5,2432,982479
20,54,240.4,2487,1034515
20,55,245.0,2569,1048534
20,56,258.2,2695,1043686
20,57,290.5,3006,1034849
20,58,294.8,3075,1042981
20,59,288.8,3036,1051151
20,60,321.8,3244,1008170
20,61,337.8,3366,996458
20,62,350.0,3439,982491
20,63,358.0,3390,947034
20,64,374.5,3511,937396
20,65,417.3,3721,891644
20,66,417.7,3570,854613
20,67,432.1,3520,814713
20,68,443.2,3504,790664
20,69,449.8,3474,772348
20,70,456.0,3374,739969
20,71,472.2,3427,725753
20,72,483.6,3604,745222
20,73,523.4,2938,561323
20,74,495.6,2733,551402
20,75,476.5,2518,528456
20,76,462.1,2454,531063
20,77,474.3,2189,461514
20,78,475.6,2002,420921
20,79,454.6,1804,396837
20,80,442.9,1625,366933
20,81,438.5,1523,347288
20,82,442.6,1400,316306
20,83,407.6,1212,297324
20,84,398.1,1119,281052
20,85,~,0,0
20,86,~,0,0
21,0,0.0,0,894126
21,1,0.0,0,901551
21,2,0.0,0,919530
21,3,0.0,0,939754
21,4,0.0,0,962572
21,5,0.0,0,972967
21,6,0.0,0,966057
21,7,0.0,0,965879
21,8,0.0,0,965966
21,9,0.0,0,979631
21,10,0.0,0,975344
21,11,0.1,1,972118
21,12,0.0,0,1001105
21,13,0.0,0,1004045
21,14,0.0,0,996535
21,15,0.0,0,997596
21,16,0.0,0,1001279
21,17,0.0,0,999014
21,18,0.1,1,994090
21,19,0.7,7,1006105
21,20,0.5,5,1019839
21,21,0.9,9,1006449
21,22,1.5,15,1012614
21,23,1.9,20,1029448
21,24,3.3,35,1046981
21,25,5.9,63,1073284
21,26,6.7,73,1096529
21,27,10.4,116,1112301
21,28,13.4,153,1142442
21,29,16.3,191,1169896
21,30,21.8,255,1170880
21,31,23.2,260,1122847
21,32,28.7,315,1099393
21,33,35.3,381,1080751
21,34,43.5,470,1080795
21,35,51.6,563,1091557
21,36,53.7,568,1058468
21,37,59.5,637,1070142
21,38,70.2,750,1068964
21,39,80.9,852,1053451
21,40,106.1,1133,1067512
21,41,111.1,1114,1002735
21,42,121.8,1196,981985
21,43,143.3,1397,975152
21,44,150.8,1432,949657
21,45,168.0,1635,973443
21,46,182.1,1717,942677
21,47,192.4,1833,952796
21,48,210.6,2072,983864
21,49,218.9,2262,1033440
21,50,217.2,2273,1046278
21,51,222.8,2209,991616
21,52,218.1,2110,967583
21,53,222.1,2138,962619
21,54,216.3,2109,974905
21,55,220.5,2262,1025898
21,56,246.9,2564,1038421
21,57,256.9,2655,1033396
21,58,264.8,2712,1024176
21,59,277.4,2861,1031243
21,60,275.8,2866,1039027
21,61,304.6,3033,995620
21,62,316.1,3109,983699
21,63,317.9,3080,968935
21,64,326.4,3047,933558
21,65,365.0,3371,923601
21,66,370.2,3247,877086
21,67,377.6,3175,840803
21,68,399.4,3200,801216
21,69,385.1,2991,776666
21,70,375.7,2849,758260
21,71,409.8,2975,726005
21,72,431.1,3065,710989
21,73,441.9,3221,728976
21,74,445.8,2444,548167
21,75,401.1,2156,537503
21,76,424.5,2181,513780
21,77,412.7,2126,515086
21,78,405.2,1809,446398
21,79,411.7,1671,405901
21,80,398.6,1520,381306
21,81,392.0,1375,350774
21,82,363.8,1202,330366
21,83,382.4,1144,299151
21,84,326.4,912,279375
21,85,~,0,0
21,86,~,0,0
